product_id,brand,model,body_type,year,price,city_id,user_id,description
1,Honda,Camry Hybrid,Van,2004,183754098.39,4,7,"Out break cup. About move air three rise describe answer.
Idea baby fall. Watch middle action country example my recognize. Also drug bar carry bad agent. Art short green relate stuff space."
2,Toyota,Corolla Altis,Sedan,2007,72729912.64,4,5,"But to exactly close other job term. Though would despite tax. Statement five him upon.
Century beat quickly think popular age help. Safe according dream record tell. Natural wall body report."
3,Honda,Camry Hybrid,MPV,2006,207019564.68,2,8,"Election rule standard organization situation must. Effort build threat machine by peace.
Sport still hotel agreement white.
Cup media reflect attack me. Go through generation manager plant natural."
4,Honda,Vios,Van,2006,115267812.66,5,15,With despite institution country without rather. Subject personal watch rather really item kitchen daughter. Between receive product road right enter.
5,Honda,Vios,Hatchback,2007,80509029.17,4,16,"It green trade administration learn matter some protect. Forget several into include particularly.
Hope choice learn author popular notice."
6,Honda,Vios,Hatchback,2007,287880563.18,3,7,"Hear into way somebody right year continue. Despite also letter teacher begin.
Marriage ago for until pick set. Worry your state argue state knowledge back."
7,Honda,Camry,Hatchback,2018,256603620.88,4,17,System behavior face sit. Growth how property her possible. Represent fine box player body.
8,Daihatsu,Camry,SUV,2009,167468747.57,4,3,"His central prevent sit. Deep part cover help last girl how.
Society situation pay son visit. Hard agreement nothing seat mean. Fight head experience everybody article force among."
9,Honda,Camry,SUV,2009,170165959.18,4,15,"Energy my crime budget less. Guy thing tonight common detail seem type air.
His behavior return administration old forget. There style build business will situation also."
10,Honda,Vios,Sedan,2001,264509194.92,4,9,Live those development image until free production. Small power tonight of maybe.
11,Toyota,Camry Hybrid,SUV,2011,89513349.35,4,8,"General position model.
Movement reflect never into leave like care. Politics wind discuss design town."
12,Honda,Corolla Altis,Hatchback,2015,66001856.01,4,4,"Story say different fly television each. Commercial near key buy add.
Raise bad focus state recently. Close pretty investment benefit debate member despite."
13,Honda,Camry,Van,2012,165405687.48,4,9,"Organization politics including Democrat.
Positive produce begin relate although. Seven citizen plan thought affect nor. Newspaper wall major street owner civil. More measure put happen."
14,Daihatsu,Corolla Altis,MPV,2016,136126398.99,3,5,"Contain own Democrat huge. Chair nature forget feeling direction ability week owner. Kitchen see forget describe want race region.
Open friend behind child then."
15,Daihatsu,Camry Hybrid,SUV,2011,276844375.44,5,8,"Through seat figure single town. Wrong sing similar provide land fear.
Around will field president. Positive fire table walk market sell age voice. You value card."
16,Daihatsu,Camry Hybrid,Sedan,2003,197085129.09,2,1,"Maintain develop push produce manager. Before raise far hotel point. Expect use wonder base.
High increase force very answer perhaps. According name box meet media about."
17,Daihatsu,Corolla Altis,MPV,2014,69241907.12,3,3,"Take pick against material attorney hit. Enjoy meeting five.
Attention because way room industry music impact. All already lead management while."
18,Daihatsu,Camry,SUV,2000,238169629.15,2,16,Turn minute ahead side. Back too make site back ground offer run. Explain voice Congress police.
19,Honda,Corolla Altis,Van,2008,133496466.03,5,3,Remember pass star entire adult church share. Appear soon eat with security way century.
20,Honda,Vios,MPV,2005,78902674.4,5,4,"Determine realize say become white. Day if carry. Less party course skin.
However easy card idea main visit. Miss concern line safe stuff. Fire air series state statement media. Her his pay."
21,Honda,Vios,SUV,2020,254677590.98,4,10,"Head film Mr do final amount. Then ask almost.
News democratic feel media. Everything best budget he put loss key. Product although southern opportunity."
22,Toyota,Corolla Altis,MPV,2002,182559622.91,4,12,"Require moment moment political smile suggest over letter. Own window effort any final trip. Sell teacher make box win.
Whether opportunity impact pick focus for. Personal final this until."
23,Honda,Vios,SUV,2011,239924076.76,5,10,Doctor other economy follow. Size tonight factor work describe statement dog. Sound understand agree road level position. From degree recently usually.
24,Toyota,Camry Hybrid,Hatchback,2002,148911831.38,4,9,Medical threat interview difficult. Training long tend physical owner really beautiful. Goal body discuss view born.
25,Toyota,Camry Hybrid,Van,2010,69592623.83,1,7,Everything answer need discuss air. Job community soldier sea place dream defense authority.
26,Daihatsu,Camry Hybrid,Van,2017,258939058.18,3,17,Finally yard argue people improve. Back month public how start with about.
27,Honda,Corolla Altis,Sedan,2005,213526383.39,3,6,"Near item activity but. Must along increase himself produce follow likely. Year forward for evening.
Line represent modern human worry manager."
28,Toyota,Camry Hybrid,Van,2012,126824530.14,5,14,"List have let model kind nature.
Last important big. President trip whatever street color near. Feel during alone fine.
Wait attorney mother face art.
Course politics expert similar human activity."
29,Daihatsu,Corolla Altis,Van,2012,76540960.23,2,18,System simple drive. Role outside meet smile serious education. Which national none writer book PM. Training Republican full various before culture.
30,Daihatsu,Camry,MPV,2012,63414475.22,2,7,"Future service represent full time. Majority case analysis important represent. Civil might wind value senior.
Traditional thing foot. Movement nation down company market. Federal safe a."
31,Daihatsu,Camry,Hatchback,2015,81525293.97,2,8,Short consider shoulder provide tend take. Everybody old huge light everybody. Administration door their design make hope same.
32,Honda,Corolla Altis,SUV,2008,126524167.92,5,19,"Computer deal hotel. Defense method trouble significant. Those test interesting.
Any dinner management. Sport little quite."
33,Honda,Camry,Sedan,2015,50146001.55,3,3,Process card everybody then. Theory other field stage nearly sell. Kitchen machine avoid garden particularly compare year.
34,Honda,Vios,MPV,2013,142091185.73,5,5,"Fire memory most memory above. Pull cover maybe budget network fight military. Heart box economic lead yourself point.
Nothing can herself free price similar. No wife couple wear discuss onto."
35,Daihatsu,Camry Hybrid,Sedan,2012,99360913.65,2,20,"Fire partner ok receive address.
If too ball fast. Authority standard skin set fight physical.
Her address those language number. Television language matter floor message."
36,Daihatsu,Camry Hybrid,Sedan,2013,55740839.23,1,16,"Attack right store.
Culture its people. Ten push discover treatment. North whose quickly live.
She yeah successful. Contain sound speech pick cut us mission. Election speak customer shoulder."
37,Honda,Corolla Altis,SUV,2001,76708359.97,5,17,Religious this here hospital pretty. Nearly single thus wide interview able star. Moment nation tax together beat new worry series.
38,Daihatsu,Camry,MPV,2015,97917689.57,1,1,No education to finally camera. Rise peace point anyone successful goal area.
39,Toyota,Camry Hybrid,Van,2006,125352863.62,3,3,"Population certain brother laugh also year.
Nothing player relationship argue. Conference to wind month bar model. Fish dream coach with read game mean."
40,Daihatsu,Vios,MPV,2011,285571412.26,5,10,"Anyone business face. Space point whether star.
Majority outside along again feeling machine sometimes none. According particular role south. Relate seat so go."
41,Toyota,Camry,Van,2016,232445243.4,3,1,"Treat for agreement poor field science between. Represent close impact knowledge adult.
Reduce office body rather late evening. Expect after economy body radio difference."
42,Daihatsu,Camry Hybrid,MPV,2013,195946974.77,3,8,Budget song particular skill. Any maintain mean defense keep officer writer. Democratic student wrong authority enjoy water social difficult.
43,Daihatsu,Camry,Van,2012,181102895.11,5,17,"Moment college face plan. Face thousand national several author state hand.
Job lawyer choose toward. We follow day now wear.
Happen will activity suggest."
44,Toyota,Camry,Van,2010,160434242.48,3,6,"Institution there leader speak notice remember. Surface outside much skin into return bring want.
Who building scene set. Drive economy morning skill pattern."
45,Daihatsu,Camry,MPV,2001,250780064.98,3,4,"Use book style democratic evening. Must more current family board these. Yet read concern it. Us group method thank.
Star live half everybody its question. Discuss side mention five ability Mr."
46,Honda,Camry Hybrid,Sedan,2000,107140178.35,3,18,Season business town nice end easy. Everybody anything beyond night. Agent real worry affect road control edge.
47,Daihatsu,Camry,Sedan,2006,240927623.44,4,15,"Service watch financial at possible run she. Few least and choose return food wish recently. Along body central.
Forward just meet win reason. Lead chair man leave indeed."
48,Toyota,Vios,SUV,2012,97833659.93,2,1,"Rate political action project. Deal oil rest language teach. Perform marriage push heart tree piece.
Seat dark beyond without recently dog. Me play around choose. Activity today entire news."
49,Daihatsu,Camry,MPV,2012,111136699.04,3,6,"Available thus attack vote us use. Alone into character consumer success. Fire on animal company should summer her.
Summer war challenge PM. Anything top can read. Church paper water night each."
50,Daihatsu,Camry,Sedan,2015,203534731.11,5,16,Eat practice member feel field. Amount artist head hear field doctor. Ahead data out will middle.
